sample_name,plate_well,combinatorial_barcode,treatment
KLENOW_Lib1_Tn5_4HR_COCULTURE_A1,A1,AAGTGATTAGCAA,KLENOW_Lib1_Tn5_4HR_COCULTURE
KLENOW_Lib1_Tn5_4HR_COCULTURE_A2,A2,AGAATCCCCCTAA,KLENOW_Lib1_Tn5_4HR_COCULTURE
KLENOW_Lib1_Tn5_4HR_COCULTURE_A3,A3,ACCTGGGAAACTA,KLENOW_Lib1_Tn5_4HR_COCULTURE
KLENOW_Lib1_Tn5_4HR_COCULTURE_A4,A4,ATACCTCCCAGGA,KLENOW_Lib1_Tn5_4HR_COCULTURE
KLENOW_Lib1_Tn5_4HR_COCULTURE_A5,A5,AATTTGTGGTATA,KLENOW_Lib1_Tn5_4HR_COCULTURE
KLENOW_Lib1_Tn5_4HR_COCULTURE_A6,A6,ACCCGAGAGATCA,KLENOW_Lib1_Tn5_4HR_COCULTURE
KLENOW_Lib1_Tn5_4HR_CEFOZOLIN_A7,A7,AGAGTATAGGGTA,KLENOW_Lib1_Tn5_4HR_CEFOZOLIN
KLENOW_Lib1_Tn5_4HR_CEFOZOLIN_A8,A8,ATCTTAATTGAGA,KLENOW_Lib1_Tn5_4HR_CEFOZOLIN
KLENOW_Lib1_Tn5_4HR_CEFOZOLIN_A9,A9,AACGTTCTGTCGA,KLENOW_Lib1_Tn5_4HR_CEFOZOLIN
KLENOW_Lib1_Tn5_4HR_CEFOZOLIN_A10,A10,ACATAATGGCGAA,KLENOW_Lib1_Tn5_4HR_CEFOZOLIN
KLENOW_Lib1_Tn5_4HR_CEFOZOLIN_A11,A11,AGGCCGGAACATA,KLENOW_Lib1_Tn5_4HR_CEFOZOLIN
KLENOW_Lib1_Tn5_4HR_CEFOZOLIN_A12,A12,ATCACTTCAAGAA,KLENOW_Lib1_Tn5_4HR_CEFOZOLIN
KLENOW_Lib1_Tn5_4HR_CIPRO_B1,B1,AAGCTGGCCTTCA,KLENOW_Lib1_Tn5_4HR_CIPRO
KLENOW_Lib1_Tn5_4HR_CIPRO_B2,B2,ACTGCACATTGGA,KLENOW_Lib1_Tn5_4HR_CIPRO
KLENOW_Lib1_Tn5_4HR_CIPRO_B3,B3,AGGTCCTTCGATA,KLENOW_Lib1_Tn5_4HR_CIPRO
KLENOW_Lib1_Tn5_4HR_CIPRO_B4,B4,ATTCGCACCCGAA,KLENOW_Lib1_Tn5_4HR_CIPRO
KLENOW_Lib1_Tn5_4HR_CIPRO_B5,B5,ACCGTAAATTACA,KLENOW_Lib1_Tn5_4HR_CIPRO
KLENOW_Lib1_Tn5_4HR_CIPRO_B6,B6,AGTAGTCGATATA,KLENOW_Lib1_Tn5_4HR_CIPRO
KLENOW_Lib1_Tn5_2HR_CEFOZOLIN_B7,B7,ATGTAAGAATCAA,KLENOW_Lib1_Tn5_2HR_CEFOZOLIN
KLENOW_Lib1_Tn5_2HR_CEFOZOLIN_B8,B8,AAGGCCCGCCGTA,KLENOW_Lib1_Tn5_2HR_CEFOZOLIN
KLENOW_Lib1_Tn5_2HR_CEFOZOLIN_B9,B9,ACTCCACGCAAGA,KLENOW_Lib1_Tn5_2HR_CEFOZOLIN
KLENOW_Lib1_Tn5_2HR_CEFOZOLIN_B10,B10,AGTCTTTGATTAA,KLENOW_Lib1_Tn5_2HR_CEFOZOLIN
KLENOW_Lib1_Tn5_2HR_CEFOZOLIN_B11,B11,ATAGAGCCCGCCA,KLENOW_Lib1_Tn5_2HR_CEFOZOLIN
KLENOW_Lib1_Tn5_2HR_CEFOZOLIN_B12,B12,AAGAAATGGAGGA,KLENOW_Lib1_Tn5_2HR_CEFOZOLIN
KLENOW_Lib1_Tn5_2HR_CIPRO_C1,C1,TCAGCGCTGGTTA,KLENOW_Lib1_Tn5_2HR_CIPRO
KLENOW_Lib1_Tn5_2HR_CIPRO_C2,C2,TGTTGACGAATAA,KLENOW_Lib1_Tn5_2HR_CIPRO
KLENOW_Lib1_Tn5_2HR_CIPRO_C3,C3,TTGCATCAGCGCA,KLENOW_Lib1_Tn5_2HR_CIPRO
KLENOW_Lib1_Tn5_2HR_CIPRO_C4,C4,TAGCCATATGAGA,KLENOW_Lib1_Tn5_2HR_CIPRO
KLENOW_Lib1_Tn5_2HR_CIPRO_C5,C5,TCCTGCCCCTGTA,KLENOW_Lib1_Tn5_2HR_CIPRO
KLENOW_Lib1_Tn5_2HR_CIPRO_C6,C6,TGGTATAAAACCA,KLENOW_Lib1_Tn5_2HR_CIPRO
KLENOW_Lib1_Tn5_2HR_CIPRO_C7,C7,TTAAAGTCATGCA,KLENOW_Lib1_Tn5_2HR_CIPRO
KLENOW_Lib1_Tn5_2HR_CIPRO_C8,C8,TAGAACTCAGAAA,KLENOW_Lib1_Tn5_2HR_CIPRO
KLENOW_Lib1_Tn5_2HR_OSMOTIC_C9,C9,TCAGCTTAATCGC,KLENOW_Lib1_Tn5_2HR_OSMOTIC
KLENOW_Lib1_Tn5_2HR_OSMOTIC_C10,C10,TGGCTTAAGAGAC,KLENOW_Lib1_Tn5_2HR_OSMOTIC
KLENOW_Lib1_Tn5_2HR_OSMOTIC_C11,C11,TTCACCTGTCGGC,KLENOW_Lib1_Tn5_2HR_OSMOTIC
KLENOW_Lib1_Tn5_2HR_OSMOTIC_C12,C12,TATAGTGATACTC,KLENOW_Lib1_Tn5_2HR_OSMOTIC
KLENOW_Lib1_Tn5_2HR_OSMOTIC_D1,D1,TCATCAGCGAACC,KLENOW_Lib1_Tn5_2HR_OSMOTIC
KLENOW_Lib1_Tn5_2HR_OSMOTIC_D2,D2,TGCGCCATGGGAC,KLENOW_Lib1_Tn5_2HR_OSMOTIC
KLENOW_Lib1_Tn5_2HR_OSMOTIC_D3,D3,TTGTTGAACTCCC,KLENOW_Lib1_Tn5_2HR_OSMOTIC
KLENOW_Lib1_Tn5_2HR_OSMOTIC_D4,D4,TATATACGCAGTC,KLENOW_Lib1_Tn5_2HR_OSMOTIC
KLENOW_Lib1_Tn5_2HR_HEAT_D5,D5,TCGCACGACGTAC,KLENOW_Lib1_Tn5_2HR_HEAT
KLENOW_Lib1_Tn5_2HR_HEAT_D6,D6,TGGGACAGAAGGC,KLENOW_Lib1_Tn5_2HR_HEAT
KLENOW_Lib1_Tn5_2HR_HEAT_D7,D7,TTTAACAAGTATC,KLENOW_Lib1_Tn5_2HR_HEAT
KLENOW_Lib1_Tn5_2HR_HEAT_D8,D8,TACTCCTGGGTAC,KLENOW_Lib1_Tn5_2HR_HEAT
KLENOW_Lib1_Tn5_2HR_HEAT_D9,D9,TCAGAAAACCCCC,KLENOW_Lib1_Tn5_2HR_HEAT
KLENOW_Lib1_Tn5_2HR_HEAT_D10,D10,TGCACGAGCAGTC,KLENOW_Lib1_Tn5_2HR_HEAT
KLENOW_Lib1_Tn5_2HR_HEAT_D11,D11,TTATTATGCTTCC,KLENOW_Lib1_Tn5_2HR_HEAT
KLENOW_Lib1_Tn5_2HR_HEAT_D12,D12,TAGCGACTGTATC,KLENOW_Lib1_Tn5_2HR_HEAT
KLENOW_Lib1_Tn5_STATIONARY_E1,E1,CCCTTGCGACAGC,KLENOW_Lib1_Tn5_STATIONARY
KLENOW_Lib1_Tn5_STATIONARY_E2,E2,CGTTAGATTGCAC,KLENOW_Lib1_Tn5_STATIONARY
KLENOW_Lib1_Tn5_STATIONARY_E3,E3,CTAAATACCATCC,KLENOW_Lib1_Tn5_STATIONARY
KLENOW_Lib1_Tn5_STATIONARY_E4,E4,CATATTTTTTAGC,KLENOW_Lib1_Tn5_STATIONARY
KLENOW_Lib1_Tn5_STATIONARY_E5,E5,CCCCTAAACGCTC,KLENOW_Lib1_Tn5_STATIONARY
KLENOW_Lib1_Tn5_STATIONARY_E6,E6,CGATTGTTAGGAC,KLENOW_Lib1_Tn5_STATIONARY
KLENOW_Lib1_Tn5_STATIONARY_E7,E7,CTACCGAGTCTCC,KLENOW_Lib1_Tn5_STATIONARY
KLENOW_Lib1_Tn5_STATIONARY_E8,E8,CAGAACAAATTGC,KLENOW_Lib1_Tn5_STATIONARY
KLENOW_Lib1_Tn5_STATIONARY_E9,E9,CCTTGATCTCATC,KLENOW_Lib1_Tn5_STATIONARY
KLENOW_Lib1_Tn5_STATIONARY_E10,E10,CGCCACGCGTTAC,KLENOW_Lib1_Tn5_STATIONARY
KLENOW_Lib1_Tn5_STATIONARY_E11,E11,CTATAGATACGGC,KLENOW_Lib1_Tn5_STATIONARY
KLENOW_Lib1_Tn5_STATIONARY_E12,E12,CATACCCAGCCAC,KLENOW_Lib1_Tn5_STATIONARY
KLENOW_Lib1_Tn5_STATIONARY_F1,F1,CCCCGGATGTACC,KLENOW_Lib1_Tn5_STATIONARY
KLENOW_Lib1_Tn5_STATIONARY_F2,F2,CGATCTCGGCTTC,KLENOW_Lib1_Tn5_STATIONARY
KLENOW_Lib1_Tn5_STATIONARY_F3,F3,CTAGCCGCTTTGC,KLENOW_Lib1_Tn5_STATIONARY
KLENOW_Lib1_Tn5_STATIONARY_F4,F4,CCTAAATACAGCC,KLENOW_Lib1_Tn5_STATIONARY
KLENOW_Lib1_Tn5_STATIONARY_F5,F5,CGGGTTTTACCAG,KLENOW_Lib1_Tn5_STATIONARY
KLENOW_Lib1_Tn5_STATIONARY_F6,F6,CATATCCATTGCG,KLENOW_Lib1_Tn5_STATIONARY
KLENOW_Lib1_Tn5_M9_F7,F7,CCTCCCGAGAGTG,KLENOW_Lib1_Tn5_M4
KLENOW_Lib1_Tn5_M9_F8,F8,CGAATATCTCCGG,KLENOW_Lib1_Tn5_M5
KLENOW_Lib1_Tn5_M9_F9,F9,CTACTAACCCACG,KLENOW_Lib1_Tn5_M6
KLENOW_Lib1_Tn5_M9_F10,F10,CAAATGATACAAG,KLENOW_Lib1_Tn5_M7
KLENOW_Lib1_Tn5_M9_F11,F11,CCCCCATTATTTG,KLENOW_Lib1_Tn5_M8
KLENOW_Lib1_Tn5_M9_F12,F12,CGAGTCGCGACGG,KLENOW_Lib1_Tn5_M9
KLENOW_Lib1_Tn5_EXP_G1,G1,GTGGTTGTGGCCG,KLENOW_Lib1_Tn5_EXP
KLENOW_Lib1_Tn5_EXP_G2,G2,GATTCAAGGAAAG,KLENOW_Lib1_Tn5_EXP
KLENOW_Lib1_Tn5_EXP_G3,G3,GCCAAGATCTGGG,KLENOW_Lib1_Tn5_EXP
KLENOW_Lib1_Tn5_EXP_G4,G4,GATACTGTATCAG,KLENOW_Lib1_Tn5_EXP
KLENOW_Lib1_Tn5_EXP_G5,G5,GCCGATTCGTGCG,KLENOW_Lib1_Tn5_EXP
KLENOW_Lib1_Tn5_EXP_G6,G6,GTGACAACGCTGG,KLENOW_Lib1_Tn5_EXP
KLENOW_Lib1_Tn5_EXP_G7,G7,GGGCTGTCTTATG,KLENOW_Lib1_Tn5_EXP
KLENOW_Lib1_Tn5_EXP_G8,G8,GACCCTGGCCTGG,KLENOW_Lib1_Tn5_EXP
KLENOW_Lib1_Tn5_EXP_G9,G9,GCGTACGCTTATG,KLENOW_Lib1_Tn5_EXP
KLENOW_Lib1_Tn5_EXP_G10,G10,GTTGCACTTAATG,KLENOW_Lib1_Tn5_EXP
KLENOW_Lib1_Tn5_EXP_G11,G11,GGACAAAGAGAAG,KLENOW_Lib1_Tn5_EXP
KLENOW_Lib1_Tn5_EXP_G12,G12,GAACCACAGCACG,KLENOW_Lib1_Tn5_EXP
KLENOW_Lib1_Tn5_EXP_H1,H1,GCTTATCTAGAGG,KLENOW_Lib1_Tn5_EXP
KLENOW_Lib1_Tn5_EXP_H2,H2,GTAATGTGGTCAG,KLENOW_Lib1_Tn5_EXP
KLENOW_Lib1_Tn5_EXP_H3,H3,GGCGCGCGAGCTG,KLENOW_Lib1_Tn5_EXP
KLENOW_Lib1_Tn5_EXP_H4,H4,GTCCATGTGTGTG,KLENOW_Lib1_Tn5_EXP
KLENOW_Lib1_Tn5_EXP_H5,H5,GGGAGGAATCCAG,KLENOW_Lib1_Tn5_EXP
KLENOW_Lib1_Tn5_EXP_H6,H6,GATCAAAATAGGG,KLENOW_Lib1_Tn5_EXP
KLENOW_Lib1_Tn5_Coculture_EXP_H7,H7,GCAAGACTGCCAG,KLENOW_Lib1_Tn5_Coculture_EXP
KLENOW_Lib1_Tn5_Coculture_EXP_H8,H8,GTAGGATGGACCG,KLENOW_Lib1_Tn5_Coculture_EXP
KLENOW_Lib1_Tn5_Coculture_EXP_H9,H9,GGATCGGACCTAG,KLENOW_Lib1_Tn5_Coculture_EXP
KLENOW_Lib1_Tn5_Coculture_EXP_H10,H10,GCCCAAAGGAATG,KLENOW_Lib1_Tn5_Coculture_EXP
KLENOW_Lib1_Tn5_Coculture_EXP_H11,H11,GTACCTAACGCAG,KLENOW_Lib1_Tn5_Coculture_EXP
KLENOW_Lib1_Tn5_Coculture_EXP_H12,H12,GGTCAGGTTCAGG,KLENOW_Lib1_Tn5_Coculture_EXP
KLENOW_LIB1_KL_4HR_COCULTURE_A1,A1,AAGTGATTAGCAA,KLENOW_LIB1_KL_4HR_COCULTURE
KLENOW_LIB1_KL_4HR_COCULTURE_A2,A2,AGAATCCCCCTAA,KLENOW_LIB1_KL_4HR_COCULTURE
KLENOW_LIB1_KL_4HR_COCULTURE_A3,A3,ACCTGGGAAACTA,KLENOW_LIB1_KL_4HR_COCULTURE
KLENOW_LIB1_KL_4HR_COCULTURE_A4,A4,ATACCTCCCAGGA,KLENOW_LIB1_KL_4HR_COCULTURE
KLENOW_LIB1_KL_4HR_COCULTURE_A5,A5,AATTTGTGGTATA,KLENOW_LIB1_KL_4HR_COCULTURE
KLENOW_LIB1_KL_4HR_COCULTURE_A6,A6,ACCCGAGAGATCA,KLENOW_LIB1_KL_4HR_COCULTURE
KLENOW_LIB1_KL_4HR_CEFOZOLIN_A7,A7,AGAGTATAGGGTA,KLENOW_LIB1_KL_4HR_CEFOZOLIN
KLENOW_LIB1_KL_4HR_CEFOZOLIN_A8,A8,ATCTTAATTGAGA,KLENOW_LIB1_KL_4HR_CEFOZOLIN
KLENOW_LIB1_KL_4HR_CEFOZOLIN_A9,A9,AACGTTCTGTCGA,KLENOW_LIB1_KL_4HR_CEFOZOLIN
KLENOW_LIB1_KL_4HR_CEFOZOLIN_A10,A10,ACATAATGGCGAA,KLENOW_LIB1_KL_4HR_CEFOZOLIN
KLENOW_LIB1_KL_4HR_CEFOZOLIN_A11,A11,AGGCCGGAACATA,KLENOW_LIB1_KL_4HR_CEFOZOLIN
KLENOW_LIB1_KL_4HR_CEFOZOLIN_A12,A12,ATCACTTCAAGAA,KLENOW_LIB1_KL_4HR_CEFOZOLIN
KLENOW_LIB1_KL_4HR_CIPRO_B1,B1,AAGCTGGCCTTCA,KLENOW_LIB1_KL_4HR_CIPRO
KLENOW_LIB1_KL_4HR_CIPRO_B2,B2,ACTGCACATTGGA,KLENOW_LIB1_KL_4HR_CIPRO
KLENOW_LIB1_KL_4HR_CIPRO_B3,B3,AGGTCCTTCGATA,KLENOW_LIB1_KL_4HR_CIPRO
KLENOW_LIB1_KL_4HR_CIPRO_B4,B4,ATTCGCACCCGAA,KLENOW_LIB1_KL_4HR_CIPRO
KLENOW_LIB1_KL_4HR_CIPRO_B5,B5,ACCGTAAATTACA,KLENOW_LIB1_KL_4HR_CIPRO
KLENOW_LIB1_KL_4HR_CIPRO_B6,B6,AGTAGTCGATATA,KLENOW_LIB1_KL_4HR_CIPRO
KLENOW_LIB1_KL_2HR_CEFOZOLIN_B7,B7,ATGTAAGAATCAA,KLENOW_LIB1_KL_2HR_CEFOZOLIN
KLENOW_LIB1_KL_2HR_CEFOZOLIN_B8,B8,AAGGCCCGCCGTA,KLENOW_LIB1_KL_2HR_CEFOZOLIN
KLENOW_LIB1_KL_2HR_CEFOZOLIN_B9,B9,ACTCCACGCAAGA,KLENOW_LIB1_KL_2HR_CEFOZOLIN
KLENOW_LIB1_KL_2HR_CEFOZOLIN_B10,B10,AGTCTTTGATTAA,KLENOW_LIB1_KL_2HR_CEFOZOLIN
KLENOW_LIB1_KL_2HR_CEFOZOLIN_B11,B11,ATAGAGCCCGCCA,KLENOW_LIB1_KL_2HR_CEFOZOLIN
KLENOW_LIB1_KL_2HR_CEFOZOLIN_B12,B12,AAGAAATGGAGGA,KLENOW_LIB1_KL_2HR_CEFOZOLIN
KLENOW_LIB1_KL_2HR_CIPRO_C1,C1,TCAGCGCTGGTTA,KLENOW_LIB1_KL_2HR_CIPRO
KLENOW_LIB1_KL_2HR_CIPRO_C2,C2,TGTTGACGAATAA,KLENOW_LIB1_KL_2HR_CIPRO
KLENOW_LIB1_KL_2HR_CIPRO_C3,C3,TTGCATCAGCGCA,KLENOW_LIB1_KL_2HR_CIPRO
KLENOW_LIB1_KL_2HR_CIPRO_C4,C4,TAGCCATATGAGA,KLENOW_LIB1_KL_2HR_CIPRO
KLENOW_LIB1_KL_2HR_CIPRO_C5,C5,TCCTGCCCCTGTA,KLENOW_LIB1_KL_2HR_CIPRO
KLENOW_LIB1_KL_2HR_CIPRO_C6,C6,TGGTATAAAACCA,KLENOW_LIB1_KL_2HR_CIPRO
KLENOW_LIB1_KL_2HR_CIPRO_C7,C7,TTAAAGTCATGCA,KLENOW_LIB1_KL_2HR_CIPRO
KLENOW_LIB1_KL_2HR_CIPRO_C8,C8,TAGAACTCAGAAA,KLENOW_LIB1_KL_2HR_CIPRO
KLENOW_LIB1_KL_2HR_OSMOTIC_C9,C9,TCAGCTTAATCGC,KLENOW_LIB1_KL_2HR_OSMOTIC
KLENOW_LIB1_KL_2HR_OSMOTIC_C10,C10,TGGCTTAAGAGAC,KLENOW_LIB1_KL_2HR_OSMOTIC
KLENOW_LIB1_KL_2HR_OSMOTIC_C11,C11,TTCACCTGTCGGC,KLENOW_LIB1_KL_2HR_OSMOTIC
KLENOW_LIB1_KL_2HR_OSMOTIC_C12,C12,TATAGTGATACTC,KLENOW_LIB1_KL_2HR_OSMOTIC
KLENOW_LIB1_KL_2HR_OSMOTIC_D1,D1,TCATCAGCGAACC,KLENOW_LIB1_KL_2HR_OSMOTIC
KLENOW_LIB1_KL_2HR_OSMOTIC_D2,D2,TGCGCCATGGGAC,KLENOW_LIB1_KL_2HR_OSMOTIC
KLENOW_LIB1_KL_2HR_OSMOTIC_D3,D3,TTGTTGAACTCCC,KLENOW_LIB1_KL_2HR_OSMOTIC
KLENOW_LIB1_KL_2HR_OSMOTIC_D4,D4,TATATACGCAGTC,KLENOW_LIB1_KL_2HR_OSMOTIC
KLENOW_LIB1_KL_2HR_HEAT_D5,D5,TCGCACGACGTAC,KLENOW_LIB1_KL_2HR_HEAT
KLENOW_LIB1_KL_2HR_HEAT_D6,D6,TGGGACAGAAGGC,KLENOW_LIB1_KL_2HR_HEAT
KLENOW_LIB1_KL_2HR_HEAT_D7,D7,TTTAACAAGTATC,KLENOW_LIB1_KL_2HR_HEAT
KLENOW_LIB1_KL_2HR_HEAT_D8,D8,TACTCCTGGGTAC,KLENOW_LIB1_KL_2HR_HEAT
KLENOW_LIB1_KL_2HR_HEAT_D9,D9,TCAGAAAACCCCC,KLENOW_LIB1_KL_2HR_HEAT
KLENOW_LIB1_KL_2HR_HEAT_D10,D10,TGCACGAGCAGTC,KLENOW_LIB1_KL_2HR_HEAT
KLENOW_LIB1_KL_2HR_HEAT_D11,D11,TTATTATGCTTCC,KLENOW_LIB1_KL_2HR_HEAT
KLENOW_LIB1_KL_2HR_HEAT_D12,D12,TAGCGACTGTATC,KLENOW_LIB1_KL_2HR_HEAT
KLENOW_LIB1_KL_STATIONARY_E1,E1,CCCTTGCGACAGC,KLENOW_LIB1_KL_STATIONARY
KLENOW_LIB1_KL_STATIONARY_E2,E2,CGTTAGATTGCAC,KLENOW_LIB1_KL_STATIONARY
KLENOW_LIB1_KL_STATIONARY_E3,E3,CTAAATACCATCC,KLENOW_LIB1_KL_STATIONARY
KLENOW_LIB1_KL_STATIONARY_E4,E4,CATATTTTTTAGC,KLENOW_LIB1_KL_STATIONARY
KLENOW_LIB1_KL_STATIONARY_E5,E5,CCCCTAAACGCTC,KLENOW_LIB1_KL_STATIONARY
KLENOW_LIB1_KL_STATIONARY_E6,E6,CGATTGTTAGGAC,KLENOW_LIB1_KL_STATIONARY
KLENOW_LIB1_KL_STATIONARY_E7,E7,CTACCGAGTCTCC,KLENOW_LIB1_KL_STATIONARY
KLENOW_LIB1_KL_STATIONARY_E8,E8,CAGAACAAATTGC,KLENOW_LIB1_KL_STATIONARY
KLENOW_LIB1_KL_STATIONARY_E9,E9,CCTTGATCTCATC,KLENOW_LIB1_KL_STATIONARY
KLENOW_LIB1_KL_STATIONARY_E10,E10,CGCCACGCGTTAC,KLENOW_LIB1_KL_STATIONARY
KLENOW_LIB1_KL_STATIONARY_E11,E11,CTATAGATACGGC,KLENOW_LIB1_KL_STATIONARY
KLENOW_LIB1_KL_STATIONARY_E12,E12,CATACCCAGCCAC,KLENOW_LIB1_KL_STATIONARY
KLENOW_LIB1_KL_STATIONARY_F1,F1,CCCCGGATGTACC,KLENOW_LIB1_KL_STATIONARY
KLENOW_LIB1_KL_STATIONARY_F2,F2,CGATCTCGGCTTC,KLENOW_LIB1_KL_STATIONARY
KLENOW_LIB1_KL_STATIONARY_F3,F3,CTAGCCGCTTTGC,KLENOW_LIB1_KL_STATIONARY
KLENOW_LIB1_KL_STATIONARY_F4,F4,CCTAAATACAGCC,KLENOW_LIB1_KL_STATIONARY
KLENOW_LIB1_KL_STATIONARY_F5,F5,CGGGTTTTACCAG,KLENOW_LIB1_KL_STATIONARY
KLENOW_LIB1_KL_STATIONARY_F6,F6,CATATCCATTGCG,KLENOW_LIB1_KL_STATIONARY
KLENOW_LIB1_KL_M9_F7,F7,CCTCCCGAGAGTG,KLENOW_LIB1_KL_M9
KLENOW_LIB1_KL_M9_F8,F8,CGAATATCTCCGG,KLENOW_LIB1_KL_M10
KLENOW_LIB1_KL_M9_F9,F9,CTACTAACCCACG,KLENOW_LIB1_KL_M11
KLENOW_LIB1_KL_M9_F10,F10,CAAATGATACAAG,KLENOW_LIB1_KL_M12
KLENOW_LIB1_KL_M9_F11,F11,CCCCCATTATTTG,KLENOW_LIB1_KL_M13
KLENOW_LIB1_KL_M9_F12,F12,CGAGTCGCGACGG,KLENOW_LIB1_KL_M14
KLENOW_LIB1_KL_EXP_G1,G1,GTGGTTGTGGCCG,KLENOW_LIB1_KL_EXP
KLENOW_LIB1_KL_EXP_G2,G2,GATTCAAGGAAAG,KLENOW_LIB1_KL_EXP
KLENOW_LIB1_KL_EXP_G3,G3,GCCAAGATCTGGG,KLENOW_LIB1_KL_EXP
KLENOW_LIB1_KL_EXP_G4,G4,GATACTGTATCAG,KLENOW_LIB1_KL_EXP
KLENOW_LIB1_KL_EXP_G5,G5,GCCGATTCGTGCG,KLENOW_LIB1_KL_EXP
KLENOW_LIB1_KL_EXP_G6,G6,GTGACAACGCTGG,KLENOW_LIB1_KL_EXP
KLENOW_LIB1_KL_EXP_G7,G7,GGGCTGTCTTATG,KLENOW_LIB1_KL_EXP
KLENOW_LIB1_KL_EXP_G8,G8,GACCCTGGCCTGG,KLENOW_LIB1_KL_EXP
KLENOW_LIB1_KL_EXP_G9,G9,GCGTACGCTTATG,KLENOW_LIB1_KL_EXP
KLENOW_LIB1_KL_EXP_G10,G10,GTTGCACTTAATG,KLENOW_LIB1_KL_EXP
KLENOW_LIB1_KL_EXP_G11,G11,GGACAAAGAGAAG,KLENOW_LIB1_KL_EXP
KLENOW_LIB1_KL_EXP_G12,G12,GAACCACAGCACG,KLENOW_LIB1_KL_EXP
KLENOW_LIB1_KL_EXP_H1,H1,GCTTATCTAGAGG,KLENOW_LIB1_KL_EXP
KLENOW_LIB1_KL_EXP_H2,H2,GTAATGTGGTCAG,KLENOW_LIB1_KL_EXP
KLENOW_LIB1_KL_EXP_H3,H3,GGCGCGCGAGCTG,KLENOW_LIB1_KL_EXP
KLENOW_LIB1_KL_EXP_H4,H4,GTCCATGTGTGTG,KLENOW_LIB1_KL_EXP
KLENOW_LIB1_KL_EXP_H5,H5,GGGAGGAATCCAG,KLENOW_LIB1_KL_EXP
KLENOW_LIB1_KL_EXP_H6,H6,GATCAAAATAGGG,KLENOW_LIB1_KL_EXP
KLENOW_LIB1_KL_Coculture_EXP_H7,H7,GCAAGACTGCCAG,KLENOW_LIB1_KL_Coculture_EXP
KLENOW_LIB1_KL_Coculture_EXP_H8,H8,GTAGGATGGACCG,KLENOW_LIB1_KL_Coculture_EXP
KLENOW_LIB1_KL_Coculture_EXP_H9,H9,GGATCGGACCTAG,KLENOW_LIB1_KL_Coculture_EXP
KLENOW_LIB1_KL_Coculture_EXP_H10,H10,GCCCAAAGGAATG,KLENOW_LIB1_KL_Coculture_EXP
KLENOW_LIB1_KL_Coculture_EXP_H11,H11,GTACCTAACGCAG,KLENOW_LIB1_KL_Coculture_EXP
KLENOW_LIB1_KL_Coculture_EXP_H12,H12,GGTCAGGTTCAGG,KLENOW_LIB1_KL_Coculture_EXP
KLENOW_SPLIT1_4HR_COCULTURE_A1,A1,AAGTGATTAGCAA,KLENOW_SPLIT1_4HR_COCULTURE
KLENOW_SPLIT1_4HR_COCULTURE_A2,A2,AGAATCCCCCTAA,KLENOW_SPLIT1_4HR_COCULTURE
KLENOW_SPLIT1_4HR_COCULTURE_A3,A3,ACCTGGGAAACTA,KLENOW_SPLIT1_4HR_COCULTURE
KLENOW_SPLIT1_4HR_COCULTURE_A4,A4,ATACCTCCCAGGA,KLENOW_SPLIT1_4HR_COCULTURE
KLENOW_SPLIT1_4HR_COCULTURE_A5,A5,AATTTGTGGTATA,KLENOW_SPLIT1_4HR_COCULTURE
KLENOW_SPLIT1_4HR_COCULTURE_A6,A6,ACCCGAGAGATCA,KLENOW_SPLIT1_4HR_COCULTURE
KLENOW_SPLIT1_4HR_CEFOZOLIN_A7,A7,AGAGTATAGGGTA,KLENOW_SPLIT1_4HR_CEFOZOLIN
KLENOW_SPLIT1_4HR_CEFOZOLIN_A8,A8,ATCTTAATTGAGA,KLENOW_SPLIT1_4HR_CEFOZOLIN
KLENOW_SPLIT1_4HR_CEFOZOLIN_A9,A9,AACGTTCTGTCGA,KLENOW_SPLIT1_4HR_CEFOZOLIN
KLENOW_SPLIT1_4HR_CEFOZOLIN_A10,A10,ACATAATGGCGAA,KLENOW_SPLIT1_4HR_CEFOZOLIN
KLENOW_SPLIT1_4HR_CEFOZOLIN_A11,A11,AGGCCGGAACATA,KLENOW_SPLIT1_4HR_CEFOZOLIN
KLENOW_SPLIT1_4HR_CEFOZOLIN_A12,A12,ATCACTTCAAGAA,KLENOW_SPLIT1_4HR_CEFOZOLIN
KLENOW_SPLIT1_4HR_CIPRO_B1,B1,AAGCTGGCCTTCA,KLENOW_SPLIT1_4HR_CIPRO
KLENOW_SPLIT1_4HR_CIPRO_B2,B2,ACTGCACATTGGA,KLENOW_SPLIT1_4HR_CIPRO
KLENOW_SPLIT1_4HR_CIPRO_B3,B3,AGGTCCTTCGATA,KLENOW_SPLIT1_4HR_CIPRO
KLENOW_SPLIT1_4HR_CIPRO_B4,B4,ATTCGCACCCGAA,KLENOW_SPLIT1_4HR_CIPRO
KLENOW_SPLIT1_4HR_CIPRO_B5,B5,ACCGTAAATTACA,KLENOW_SPLIT1_4HR_CIPRO
KLENOW_SPLIT1_4HR_CIPRO_B6,B6,AGTAGTCGATATA,KLENOW_SPLIT1_4HR_CIPRO
KLENOW_SPLIT1_2HR_CEFOZOLIN_B7,B7,ATGTAAGAATCAA,KLENOW_SPLIT1_2HR_CEFOZOLIN
KLENOW_SPLIT1_2HR_CEFOZOLIN_B8,B8,AAGGCCCGCCGTA,KLENOW_SPLIT1_2HR_CEFOZOLIN
KLENOW_SPLIT1_2HR_CEFOZOLIN_B9,B9,ACTCCACGCAAGA,KLENOW_SPLIT1_2HR_CEFOZOLIN
KLENOW_SPLIT1_2HR_CEFOZOLIN_B10,B10,AGTCTTTGATTAA,KLENOW_SPLIT1_2HR_CEFOZOLIN
KLENOW_SPLIT1_2HR_CEFOZOLIN_B11,B11,ATAGAGCCCGCCA,KLENOW_SPLIT1_2HR_CEFOZOLIN
KLENOW_SPLIT1_2HR_CEFOZOLIN_B12,B12,AAGAAATGGAGGA,KLENOW_SPLIT1_2HR_CEFOZOLIN
KLENOW_SPLIT1_2HR_CIPRO_C1,C1,TCAGCGCTGGTTA,KLENOW_SPLIT1_2HR_CIPRO
KLENOW_SPLIT1_2HR_CIPRO_C2,C2,TGTTGACGAATAA,KLENOW_SPLIT1_2HR_CIPRO
KLENOW_SPLIT1_2HR_CIPRO_C3,C3,TTGCATCAGCGCA,KLENOW_SPLIT1_2HR_CIPRO
KLENOW_SPLIT1_2HR_CIPRO_C4,C4,TAGCCATATGAGA,KLENOW_SPLIT1_2HR_CIPRO
KLENOW_SPLIT1_2HR_CIPRO_C5,C5,TCCTGCCCCTGTA,KLENOW_SPLIT1_2HR_CIPRO
KLENOW_SPLIT1_2HR_CIPRO_C6,C6,TGGTATAAAACCA,KLENOW_SPLIT1_2HR_CIPRO
KLENOW_SPLIT1_2HR_CIPRO_C7,C7,TTAAAGTCATGCA,KLENOW_SPLIT1_2HR_CIPRO
KLENOW_SPLIT1_2HR_CIPRO_C8,C8,TAGAACTCAGAAA,KLENOW_SPLIT1_2HR_CIPRO
KLENOW_SPLIT1_2HR_OSMOTIC_C9,C9,TCAGCTTAATCGC,KLENOW_SPLIT1_2HR_OSMOTIC
KLENOW_SPLIT1_2HR_OSMOTIC_C10,C10,TGGCTTAAGAGAC,KLENOW_SPLIT1_2HR_OSMOTIC
KLENOW_SPLIT1_2HR_OSMOTIC_C11,C11,TTCACCTGTCGGC,KLENOW_SPLIT1_2HR_OSMOTIC
KLENOW_SPLIT1_2HR_OSMOTIC_C12,C12,TATAGTGATACTC,KLENOW_SPLIT1_2HR_OSMOTIC
KLENOW_SPLIT1_2HR_OSMOTIC_D1,D1,TCATCAGCGAACC,KLENOW_SPLIT1_2HR_OSMOTIC
KLENOW_SPLIT1_2HR_OSMOTIC_D2,D2,TGCGCCATGGGAC,KLENOW_SPLIT1_2HR_OSMOTIC
KLENOW_SPLIT1_2HR_OSMOTIC_D3,D3,TTGTTGAACTCCC,KLENOW_SPLIT1_2HR_OSMOTIC
KLENOW_SPLIT1_2HR_OSMOTIC_D4,D4,TATATACGCAGTC,KLENOW_SPLIT1_2HR_OSMOTIC
KLENOW_SPLIT1_2HR_HEAT_D5,D5,TCGCACGACGTAC,KLENOW_SPLIT1_2HR_HEAT
KLENOW_SPLIT1_2HR_HEAT_D6,D6,TGGGACAGAAGGC,KLENOW_SPLIT1_2HR_HEAT
KLENOW_SPLIT1_2HR_HEAT_D7,D7,TTTAACAAGTATC,KLENOW_SPLIT1_2HR_HEAT
KLENOW_SPLIT1_2HR_HEAT_D8,D8,TACTCCTGGGTAC,KLENOW_SPLIT1_2HR_HEAT
KLENOW_SPLIT1_2HR_HEAT_D9,D9,TCAGAAAACCCCC,KLENOW_SPLIT1_2HR_HEAT
KLENOW_SPLIT1_2HR_HEAT_D10,D10,TGCACGAGCAGTC,KLENOW_SPLIT1_2HR_HEAT
KLENOW_SPLIT1_2HR_HEAT_D11,D11,TTATTATGCTTCC,KLENOW_SPLIT1_2HR_HEAT
KLENOW_SPLIT1_2HR_HEAT_D12,D12,TAGCGACTGTATC,KLENOW_SPLIT1_2HR_HEAT
KLENOW_SPLIT1_STATIONARY_E1,E1,CCCTTGCGACAGC,KLENOW_SPLIT1_STATIONARY
KLENOW_SPLIT1_STATIONARY_E2,E2,CGTTAGATTGCAC,KLENOW_SPLIT1_STATIONARY
KLENOW_SPLIT1_STATIONARY_E3,E3,CTAAATACCATCC,KLENOW_SPLIT1_STATIONARY
KLENOW_SPLIT1_STATIONARY_E4,E4,CATATTTTTTAGC,KLENOW_SPLIT1_STATIONARY
KLENOW_SPLIT1_STATIONARY_E5,E5,CCCCTAAACGCTC,KLENOW_SPLIT1_STATIONARY
KLENOW_SPLIT1_STATIONARY_E6,E6,CGATTGTTAGGAC,KLENOW_SPLIT1_STATIONARY
KLENOW_SPLIT1_STATIONARY_E7,E7,CTACCGAGTCTCC,KLENOW_SPLIT1_STATIONARY
KLENOW_SPLIT1_STATIONARY_E8,E8,CAGAACAAATTGC,KLENOW_SPLIT1_STATIONARY
KLENOW_SPLIT1_STATIONARY_E9,E9,CCTTGATCTCATC,KLENOW_SPLIT1_STATIONARY
KLENOW_SPLIT1_STATIONARY_E10,E10,CGCCACGCGTTAC,KLENOW_SPLIT1_STATIONARY
KLENOW_SPLIT1_STATIONARY_E11,E11,CTATAGATACGGC,KLENOW_SPLIT1_STATIONARY
KLENOW_SPLIT1_STATIONARY_E12,E12,CATACCCAGCCAC,KLENOW_SPLIT1_STATIONARY
KLENOW_SPLIT1_STATIONARY_F1,F1,CCCCGGATGTACC,KLENOW_SPLIT1_STATIONARY
KLENOW_SPLIT1_STATIONARY_F2,F2,CGATCTCGGCTTC,KLENOW_SPLIT1_STATIONARY
KLENOW_SPLIT1_STATIONARY_F3,F3,CTAGCCGCTTTGC,KLENOW_SPLIT1_STATIONARY
KLENOW_SPLIT1_STATIONARY_F4,F4,CCTAAATACAGCC,KLENOW_SPLIT1_STATIONARY
KLENOW_SPLIT1_STATIONARY_F5,F5,CGGGTTTTACCAG,KLENOW_SPLIT1_STATIONARY
KLENOW_SPLIT1_STATIONARY_F6,F6,CATATCCATTGCG,KLENOW_SPLIT1_STATIONARY
KLENOW_SPLIT1_M9_F7,F7,CCTCCCGAGAGTG,KLENOW_SPLIT1_M4
KLENOW_SPLIT1_M9_F8,F8,CGAATATCTCCGG,KLENOW_SPLIT1_M5
KLENOW_SPLIT1_M9_F9,F9,CTACTAACCCACG,KLENOW_SPLIT1_M6
KLENOW_SPLIT1_M9_F10,F10,CAAATGATACAAG,KLENOW_SPLIT1_M7
KLENOW_SPLIT1_M9_F11,F11,CCCCCATTATTTG,KLENOW_SPLIT1_M8
KLENOW_SPLIT1_M9_F12,F12,CGAGTCGCGACGG,KLENOW_SPLIT1_M9
KLENOW_SPLIT1_EXP_G1,G1,GTGGTTGTGGCCG,KLENOW_SPLIT1_EXP
KLENOW_SPLIT1_EXP_G2,G2,GATTCAAGGAAAG,KLENOW_SPLIT1_EXP
KLENOW_SPLIT1_EXP_G3,G3,GCCAAGATCTGGG,KLENOW_SPLIT1_EXP
KLENOW_SPLIT1_EXP_G4,G4,GATACTGTATCAG,KLENOW_SPLIT1_EXP
KLENOW_SPLIT1_EXP_G5,G5,GCCGATTCGTGCG,KLENOW_SPLIT1_EXP
KLENOW_SPLIT1_EXP_G6,G6,GTGACAACGCTGG,KLENOW_SPLIT1_EXP
KLENOW_SPLIT1_EXP_G7,G7,GGGCTGTCTTATG,KLENOW_SPLIT1_EXP
KLENOW_SPLIT1_EXP_G8,G8,GACCCTGGCCTGG,KLENOW_SPLIT1_EXP
KLENOW_SPLIT1_EXP_G9,G9,GCGTACGCTTATG,KLENOW_SPLIT1_EXP
KLENOW_SPLIT1_EXP_G10,G10,GTTGCACTTAATG,KLENOW_SPLIT1_EXP
KLENOW_SPLIT1_EXP_G11,G11,GGACAAAGAGAAG,KLENOW_SPLIT1_EXP
KLENOW_SPLIT1_EXP_G12,G12,GAACCACAGCACG,KLENOW_SPLIT1_EXP
KLENOW_SPLIT1_EXP_H1,H1,GCTTATCTAGAGG,KLENOW_SPLIT1_EXP
KLENOW_SPLIT1_EXP_H2,H2,GTAATGTGGTCAG,KLENOW_SPLIT1_EXP
KLENOW_SPLIT1_EXP_H3,H3,GGCGCGCGAGCTG,KLENOW_SPLIT1_EXP
KLENOW_SPLIT1_EXP_H4,H4,GTCCATGTGTGTG,KLENOW_SPLIT1_EXP
KLENOW_SPLIT1_EXP_H5,H5,GGGAGGAATCCAG,KLENOW_SPLIT1_EXP
KLENOW_SPLIT1_EXP_H6,H6,GATCAAAATAGGG,KLENOW_SPLIT1_EXP
KLENOW_SPLIT1_Coculture_EXP_H7,H7,GCAAGACTGCCAG,KLENOW_SPLIT1_Coculture_EXP
KLENOW_SPLIT1_Coculture_EXP_H8,H8,GTAGGATGGACCG,KLENOW_SPLIT1_Coculture_EXP
KLENOW_SPLIT1_Coculture_EXP_H9,H9,GGATCGGACCTAG,KLENOW_SPLIT1_Coculture_EXP
KLENOW_SPLIT1_Coculture_EXP_H10,H10,GCCCAAAGGAATG,KLENOW_SPLIT1_Coculture_EXP
KLENOW_SPLIT1_Coculture_EXP_H11,H11,GTACCTAACGCAG,KLENOW_SPLIT1_Coculture_EXP
KLENOW_SPLIT1_Coculture_EXP_H12,H12,GGTCAGGTTCAGG,KLENOW_SPLIT1_Coculture_EXP
KLENOW_LIB2_KL_4HR_COCULTURE_A1,A1,AAGTGATTAGCAA,KLENOW_LIB2_KL_4HR_COCULTURE
KLENOW_LIB2_KL_4HR_COCULTURE_A2,A2,AGAATCCCCCTAA,KLENOW_LIB2_KL_4HR_COCULTURE
KLENOW_LIB2_KL_4HR_COCULTURE_A3,A3,ACCTGGGAAACTA,KLENOW_LIB2_KL_4HR_COCULTURE
KLENOW_LIB2_KL_4HR_COCULTURE_A4,A4,ATACCTCCCAGGA,KLENOW_LIB2_KL_4HR_COCULTURE
KLENOW_LIB2_KL_4HR_COCULTURE_A5,A5,AATTTGTGGTATA,KLENOW_LIB2_KL_4HR_COCULTURE
KLENOW_LIB2_KL_4HR_COCULTURE_A6,A6,ACCCGAGAGATCA,KLENOW_LIB2_KL_4HR_COCULTURE
KLENOW_LIB2_KL_4HR_CEFOZOLIN_A7,A7,AGAGTATAGGGTA,KLENOW_LIB2_KL_4HR_CEFOZOLIN
KLENOW_LIB2_KL_4HR_CEFOZOLIN_A8,A8,ATCTTAATTGAGA,KLENOW_LIB2_KL_4HR_CEFOZOLIN
KLENOW_LIB2_KL_4HR_CEFOZOLIN_A9,A9,AACGTTCTGTCGA,KLENOW_LIB2_KL_4HR_CEFOZOLIN
KLENOW_LIB2_KL_4HR_CEFOZOLIN_A10,A10,ACATAATGGCGAA,KLENOW_LIB2_KL_4HR_CEFOZOLIN
KLENOW_LIB2_KL_4HR_CEFOZOLIN_A11,A11,AGGCCGGAACATA,KLENOW_LIB2_KL_4HR_CEFOZOLIN
KLENOW_LIB2_KL_4HR_CEFOZOLIN_A12,A12,ATCACTTCAAGAA,KLENOW_LIB2_KL_4HR_CEFOZOLIN
KLENOW_LIB2_KL_4HR_CIPRO_B1,B1,AAGCTGGCCTTCA,KLENOW_LIB2_KL_4HR_CIPRO
KLENOW_LIB2_KL_4HR_CIPRO_B2,B2,ACTGCACATTGGA,KLENOW_LIB2_KL_4HR_CIPRO
KLENOW_LIB2_KL_4HR_CIPRO_B3,B3,AGGTCCTTCGATA,KLENOW_LIB2_KL_4HR_CIPRO
KLENOW_LIB2_KL_4HR_CIPRO_B4,B4,ATTCGCACCCGAA,KLENOW_LIB2_KL_4HR_CIPRO
KLENOW_LIB2_KL_4HR_CIPRO_B5,B5,ACCGTAAATTACA,KLENOW_LIB2_KL_4HR_CIPRO
KLENOW_LIB2_KL_4HR_CIPRO_B6,B6,AGTAGTCGATATA,KLENOW_LIB2_KL_4HR_CIPRO
KLENOW_LIB2_KL_2HR_CEFOZOLIN_B7,B7,ATGTAAGAATCAA,KLENOW_LIB2_KL_2HR_CEFOZOLIN
KLENOW_LIB2_KL_2HR_CEFOZOLIN_B8,B8,AAGGCCCGCCGTA,KLENOW_LIB2_KL_2HR_CEFOZOLIN
KLENOW_LIB2_KL_2HR_CEFOZOLIN_B9,B9,ACTCCACGCAAGA,KLENOW_LIB2_KL_2HR_CEFOZOLIN
KLENOW_LIB2_KL_2HR_CEFOZOLIN_B10,B10,AGTCTTTGATTAA,KLENOW_LIB2_KL_2HR_CEFOZOLIN
KLENOW_LIB2_KL_2HR_CEFOZOLIN_B11,B11,ATAGAGCCCGCCA,KLENOW_LIB2_KL_2HR_CEFOZOLIN
KLENOW_LIB2_KL_2HR_CEFOZOLIN_B12,B12,AAGAAATGGAGGA,KLENOW_LIB2_KL_2HR_CEFOZOLIN
KLENOW_LIB2_KL_2HR_CIPRO_C1,C1,TCAGCGCTGGTTA,KLENOW_LIB2_KL_2HR_CIPRO
KLENOW_LIB2_KL_2HR_CIPRO_C2,C2,TGTTGACGAATAA,KLENOW_LIB2_KL_2HR_CIPRO
KLENOW_LIB2_KL_2HR_CIPRO_C3,C3,TTGCATCAGCGCA,KLENOW_LIB2_KL_2HR_CIPRO
KLENOW_LIB2_KL_2HR_CIPRO_C4,C4,TAGCCATATGAGA,KLENOW_LIB2_KL_2HR_CIPRO
KLENOW_LIB2_KL_2HR_CIPRO_C5,C5,TCCTGCCCCTGTA,KLENOW_LIB2_KL_2HR_CIPRO
KLENOW_LIB2_KL_2HR_CIPRO_C6,C6,TGGTATAAAACCA,KLENOW_LIB2_KL_2HR_CIPRO
KLENOW_LIB2_KL_2HR_CIPRO_C7,C7,TTAAAGTCATGCA,KLENOW_LIB2_KL_2HR_CIPRO
KLENOW_LIB2_KL_2HR_CIPRO_C8,C8,TAGAACTCAGAAA,KLENOW_LIB2_KL_2HR_CIPRO
KLENOW_LIB2_KL_2HR_OSMOTIC_C9,C9,TCAGCTTAATCGC,KLENOW_LIB2_KL_2HR_OSMOTIC
KLENOW_LIB2_KL_2HR_OSMOTIC_C10,C10,TGGCTTAAGAGAC,KLENOW_LIB2_KL_2HR_OSMOTIC
KLENOW_LIB2_KL_2HR_OSMOTIC_C11,C11,TTCACCTGTCGGC,KLENOW_LIB2_KL_2HR_OSMOTIC
KLENOW_LIB2_KL_2HR_OSMOTIC_C12,C12,TATAGTGATACTC,KLENOW_LIB2_KL_2HR_OSMOTIC
KLENOW_LIB2_KL_2HR_OSMOTIC_D1,D1,TCATCAGCGAACC,KLENOW_LIB2_KL_2HR_OSMOTIC
KLENOW_LIB2_KL_2HR_OSMOTIC_D2,D2,TGCGCCATGGGAC,KLENOW_LIB2_KL_2HR_OSMOTIC
KLENOW_LIB2_KL_2HR_OSMOTIC_D3,D3,TTGTTGAACTCCC,KLENOW_LIB2_KL_2HR_OSMOTIC
KLENOW_LIB2_KL_2HR_OSMOTIC_D4,D4,TATATACGCAGTC,KLENOW_LIB2_KL_2HR_OSMOTIC
KLENOW_LIB2_KL_2HR_HEAT_D5,D5,TCGCACGACGTAC,KLENOW_LIB2_KL_2HR_HEAT
KLENOW_LIB2_KL_2HR_HEAT_D6,D6,TGGGACAGAAGGC,KLENOW_LIB2_KL_2HR_HEAT
KLENOW_LIB2_KL_2HR_HEAT_D7,D7,TTTAACAAGTATC,KLENOW_LIB2_KL_2HR_HEAT
KLENOW_LIB2_KL_2HR_HEAT_D8,D8,TACTCCTGGGTAC,KLENOW_LIB2_KL_2HR_HEAT
KLENOW_LIB2_KL_2HR_HEAT_D9,D9,TCAGAAAACCCCC,KLENOW_LIB2_KL_2HR_HEAT
KLENOW_LIB2_KL_2HR_HEAT_D10,D10,TGCACGAGCAGTC,KLENOW_LIB2_KL_2HR_HEAT
KLENOW_LIB2_KL_2HR_HEAT_D11,D11,TTATTATGCTTCC,KLENOW_LIB2_KL_2HR_HEAT
KLENOW_LIB2_KL_2HR_HEAT_D12,D12,TAGCGACTGTATC,KLENOW_LIB2_KL_2HR_HEAT
KLENOW_LIB2_KL_STATIONARY_E1,E1,CCCTTGCGACAGC,KLENOW_LIB2_KL_STATIONARY
KLENOW_LIB2_KL_STATIONARY_E2,E2,CGTTAGATTGCAC,KLENOW_LIB2_KL_STATIONARY
KLENOW_LIB2_KL_STATIONARY_E3,E3,CTAAATACCATCC,KLENOW_LIB2_KL_STATIONARY
KLENOW_LIB2_KL_STATIONARY_E4,E4,CATATTTTTTAGC,KLENOW_LIB2_KL_STATIONARY
KLENOW_LIB2_KL_STATIONARY_E5,E5,CCCCTAAACGCTC,KLENOW_LIB2_KL_STATIONARY
KLENOW_LIB2_KL_STATIONARY_E6,E6,CGATTGTTAGGAC,KLENOW_LIB2_KL_STATIONARY
KLENOW_LIB2_KL_STATIONARY_E7,E7,CTACCGAGTCTCC,KLENOW_LIB2_KL_STATIONARY
KLENOW_LIB2_KL_STATIONARY_E8,E8,CAGAACAAATTGC,KLENOW_LIB2_KL_STATIONARY
KLENOW_LIB2_KL_STATIONARY_E9,E9,CCTTGATCTCATC,KLENOW_LIB2_KL_STATIONARY
KLENOW_LIB2_KL_STATIONARY_E10,E10,CGCCACGCGTTAC,KLENOW_LIB2_KL_STATIONARY
KLENOW_LIB2_KL_STATIONARY_E11,E11,CTATAGATACGGC,KLENOW_LIB2_KL_STATIONARY
KLENOW_LIB2_KL_STATIONARY_E12,E12,CATACCCAGCCAC,KLENOW_LIB2_KL_STATIONARY
KLENOW_LIB2_KL_STATIONARY_F1,F1,CCCCGGATGTACC,KLENOW_LIB2_KL_STATIONARY
KLENOW_LIB2_KL_STATIONARY_F2,F2,CGATCTCGGCTTC,KLENOW_LIB2_KL_STATIONARY
KLENOW_LIB2_KL_STATIONARY_F3,F3,CTAGCCGCTTTGC,KLENOW_LIB2_KL_STATIONARY
KLENOW_LIB2_KL_STATIONARY_F4,F4,CCTAAATACAGCC,KLENOW_LIB2_KL_STATIONARY
KLENOW_LIB2_KL_STATIONARY_F5,F5,CGGGTTTTACCAG,KLENOW_LIB2_KL_STATIONARY
KLENOW_LIB2_KL_STATIONARY_F6,F6,CATATCCATTGCG,KLENOW_LIB2_KL_STATIONARY
KLENOW_LIB2_KL_M9_F7,F7,CCTCCCGAGAGTG,KLENOW_LIB2_KL_M9
KLENOW_LIB2_KL_M9_F8,F8,CGAATATCTCCGG,KLENOW_LIB2_KL_M10
KLENOW_LIB2_KL_M9_F9,F9,CTACTAACCCACG,KLENOW_LIB2_KL_M11
KLENOW_LIB2_KL_M9_F10,F10,CAAATGATACAAG,KLENOW_LIB2_KL_M12
KLENOW_LIB2_KL_M9_F11,F11,CCCCCATTATTTG,KLENOW_LIB2_KL_M13
KLENOW_LIB2_KL_M9_F12,F12,CGAGTCGCGACGG,KLENOW_LIB2_KL_M14
KLENOW_LIB2_KL_EXP_G1,G1,GTGGTTGTGGCCG,KLENOW_LIB2_KL_EXP
KLENOW_LIB2_KL_EXP_G2,G2,GATTCAAGGAAAG,KLENOW_LIB2_KL_EXP
KLENOW_LIB2_KL_EXP_G3,G3,GCCAAGATCTGGG,KLENOW_LIB2_KL_EXP
KLENOW_LIB2_KL_EXP_G4,G4,GATACTGTATCAG,KLENOW_LIB2_KL_EXP
KLENOW_LIB2_KL_EXP_G5,G5,GCCGATTCGTGCG,KLENOW_LIB2_KL_EXP
KLENOW_LIB2_KL_EXP_G6,G6,GTGACAACGCTGG,KLENOW_LIB2_KL_EXP
KLENOW_LIB2_KL_EXP_G7,G7,GGGCTGTCTTATG,KLENOW_LIB2_KL_EXP
KLENOW_LIB2_KL_EXP_G8,G8,GACCCTGGCCTGG,KLENOW_LIB2_KL_EXP
KLENOW_LIB2_KL_EXP_G9,G9,GCGTACGCTTATG,KLENOW_LIB2_KL_EXP
KLENOW_LIB2_KL_EXP_G10,G10,GTTGCACTTAATG,KLENOW_LIB2_KL_EXP
KLENOW_LIB2_KL_EXP_G11,G11,GGACAAAGAGAAG,KLENOW_LIB2_KL_EXP
KLENOW_LIB2_KL_EXP_G12,G12,GAACCACAGCACG,KLENOW_LIB2_KL_EXP
KLENOW_LIB2_KL_EXP_H1,H1,GCTTATCTAGAGG,KLENOW_LIB2_KL_EXP
KLENOW_LIB2_KL_EXP_H2,H2,GTAATGTGGTCAG,KLENOW_LIB2_KL_EXP
KLENOW_LIB2_KL_EXP_H3,H3,GGCGCGCGAGCTG,KLENOW_LIB2_KL_EXP
KLENOW_LIB2_KL_EXP_H4,H4,GTCCATGTGTGTG,KLENOW_LIB2_KL_EXP
KLENOW_LIB2_KL_EXP_H5,H5,GGGAGGAATCCAG,KLENOW_LIB2_KL_EXP
KLENOW_LIB2_KL_EXP_H6,H6,GATCAAAATAGGG,KLENOW_LIB2_KL_EXP
KLENOW_LIB2_KL_Coculture_EXP_H7,H7,GCAAGACTGCCAG,KLENOW_LIB2_KL_Coculture_EXP
KLENOW_LIB2_KL_Coculture_EXP_H8,H8,GTAGGATGGACCG,KLENOW_LIB2_KL_Coculture_EXP
KLENOW_LIB2_KL_Coculture_EXP_H9,H9,GGATCGGACCTAG,KLENOW_LIB2_KL_Coculture_EXP
KLENOW_LIB2_KL_Coculture_EXP_H10,H10,GCCCAAAGGAATG,KLENOW_LIB2_KL_Coculture_EXP
KLENOW_LIB2_KL_Coculture_EXP_H11,H11,GTACCTAACGCAG,KLENOW_LIB2_KL_Coculture_EXP
KLENOW_LIB2_KL_Coculture_EXP_H12,H12,GGTCAGGTTCAGG,KLENOW_LIB2_KL_Coculture_EXP
KLENOW_SPLIT1_Tn5_4HR_COCULTURE_A1,A1,AAGTGATTAGCAA,KLENOW_SPLIT1_Tn5_4HR_COCULTURE
KLENOW_SPLIT1_Tn5_4HR_COCULTURE_A2,A2,AGAATCCCCCTAA,KLENOW_SPLIT1_Tn5_4HR_COCULTURE
KLENOW_SPLIT1_Tn5_4HR_COCULTURE_A3,A3,ACCTGGGAAACTA,KLENOW_SPLIT1_Tn5_4HR_COCULTURE
KLENOW_SPLIT1_Tn5_4HR_COCULTURE_A4,A4,ATACCTCCCAGGA,KLENOW_SPLIT1_Tn5_4HR_COCULTURE
KLENOW_SPLIT1_Tn5_4HR_COCULTURE_A5,A5,AATTTGTGGTATA,KLENOW_SPLIT1_Tn5_4HR_COCULTURE
KLENOW_SPLIT1_Tn5_4HR_COCULTURE_A6,A6,ACCCGAGAGATCA,KLENOW_SPLIT1_Tn5_4HR_COCULTURE
KLENOW_SPLIT1_Tn5_4HR_CEFOZOLIN_A7,A7,AGAGTATAGGGTA,KLENOW_SPLIT1_Tn5_4HR_CEFOZOLIN
KLENOW_SPLIT1_Tn5_4HR_CEFOZOLIN_A8,A8,ATCTTAATTGAGA,KLENOW_SPLIT1_Tn5_4HR_CEFOZOLIN
KLENOW_SPLIT1_Tn5_4HR_CEFOZOLIN_A9,A9,AACGTTCTGTCGA,KLENOW_SPLIT1_Tn5_4HR_CEFOZOLIN
KLENOW_SPLIT1_Tn5_4HR_CEFOZOLIN_A10,A10,ACATAATGGCGAA,KLENOW_SPLIT1_Tn5_4HR_CEFOZOLIN
KLENOW_SPLIT1_Tn5_4HR_CEFOZOLIN_A11,A11,AGGCCGGAACATA,KLENOW_SPLIT1_Tn5_4HR_CEFOZOLIN
KLENOW_SPLIT1_Tn5_4HR_CEFOZOLIN_A12,A12,ATCACTTCAAGAA,KLENOW_SPLIT1_Tn5_4HR_CEFOZOLIN
KLENOW_SPLIT1_Tn5_4HR_CIPRO_B1,B1,AAGCTGGCCTTCA,KLENOW_SPLIT1_Tn5_4HR_CIPRO
KLENOW_SPLIT1_Tn5_4HR_CIPRO_B2,B2,ACTGCACATTGGA,KLENOW_SPLIT1_Tn5_4HR_CIPRO
KLENOW_SPLIT1_Tn5_4HR_CIPRO_B3,B3,AGGTCCTTCGATA,KLENOW_SPLIT1_Tn5_4HR_CIPRO
KLENOW_SPLIT1_Tn5_4HR_CIPRO_B4,B4,ATTCGCACCCGAA,KLENOW_SPLIT1_Tn5_4HR_CIPRO
KLENOW_SPLIT1_Tn5_4HR_CIPRO_B5,B5,ACCGTAAATTACA,KLENOW_SPLIT1_Tn5_4HR_CIPRO
KLENOW_SPLIT1_Tn5_4HR_CIPRO_B6,B6,AGTAGTCGATATA,KLENOW_SPLIT1_Tn5_4HR_CIPRO
KLENOW_SPLIT1_Tn5_2HR_CEFOZOLIN_B7,B7,ATGTAAGAATCAA,KLENOW_SPLIT1_Tn5_2HR_CEFOZOLIN
KLENOW_SPLIT1_Tn5_2HR_CEFOZOLIN_B8,B8,AAGGCCCGCCGTA,KLENOW_SPLIT1_Tn5_2HR_CEFOZOLIN
KLENOW_SPLIT1_Tn5_2HR_CEFOZOLIN_B9,B9,ACTCCACGCAAGA,KLENOW_SPLIT1_Tn5_2HR_CEFOZOLIN
KLENOW_SPLIT1_Tn5_2HR_CEFOZOLIN_B10,B10,AGTCTTTGATTAA,KLENOW_SPLIT1_Tn5_2HR_CEFOZOLIN
KLENOW_SPLIT1_Tn5_2HR_CEFOZOLIN_B11,B11,ATAGAGCCCGCCA,KLENOW_SPLIT1_Tn5_2HR_CEFOZOLIN
KLENOW_SPLIT1_Tn5_2HR_CEFOZOLIN_B12,B12,AAGAAATGGAGGA,KLENOW_SPLIT1_Tn5_2HR_CEFOZOLIN
KLENOW_SPLIT1_Tn5_2HR_CIPRO_C1,C1,TCAGCGCTGGTTA,KLENOW_SPLIT1_Tn5_2HR_CIPRO
KLENOW_SPLIT1_Tn5_2HR_CIPRO_C2,C2,TGTTGACGAATAA,KLENOW_SPLIT1_Tn5_2HR_CIPRO
KLENOW_SPLIT1_Tn5_2HR_CIPRO_C3,C3,TTGCATCAGCGCA,KLENOW_SPLIT1_Tn5_2HR_CIPRO
KLENOW_SPLIT1_Tn5_2HR_CIPRO_C4,C4,TAGCCATATGAGA,KLENOW_SPLIT1_Tn5_2HR_CIPRO
KLENOW_SPLIT1_Tn5_2HR_CIPRO_C5,C5,TCCTGCCCCTGTA,KLENOW_SPLIT1_Tn5_2HR_CIPRO
KLENOW_SPLIT1_Tn5_2HR_CIPRO_C6,C6,TGGTATAAAACCA,KLENOW_SPLIT1_Tn5_2HR_CIPRO
KLENOW_SPLIT1_Tn5_2HR_CIPRO_C7,C7,TTAAAGTCATGCA,KLENOW_SPLIT1_Tn5_2HR_CIPRO
KLENOW_SPLIT1_Tn5_2HR_CIPRO_C8,C8,TAGAACTCAGAAA,KLENOW_SPLIT1_Tn5_2HR_CIPRO
KLENOW_SPLIT1_Tn5_2HR_OSMOTIC_C9,C9,TCAGCTTAATCGC,KLENOW_SPLIT1_Tn5_2HR_OSMOTIC
KLENOW_SPLIT1_Tn5_2HR_OSMOTIC_C10,C10,TGGCTTAAGAGAC,KLENOW_SPLIT1_Tn5_2HR_OSMOTIC
KLENOW_SPLIT1_Tn5_2HR_OSMOTIC_C11,C11,TTCACCTGTCGGC,KLENOW_SPLIT1_Tn5_2HR_OSMOTIC
KLENOW_SPLIT1_Tn5_2HR_OSMOTIC_C12,C12,TATAGTGATACTC,KLENOW_SPLIT1_Tn5_2HR_OSMOTIC
KLENOW_SPLIT1_Tn5_2HR_OSMOTIC_D1,D1,TCATCAGCGAACC,KLENOW_SPLIT1_Tn5_2HR_OSMOTIC
KLENOW_SPLIT1_Tn5_2HR_OSMOTIC_D2,D2,TGCGCCATGGGAC,KLENOW_SPLIT1_Tn5_2HR_OSMOTIC
KLENOW_SPLIT1_Tn5_2HR_OSMOTIC_D3,D3,TTGTTGAACTCCC,KLENOW_SPLIT1_Tn5_2HR_OSMOTIC
KLENOW_SPLIT1_Tn5_2HR_OSMOTIC_D4,D4,TATATACGCAGTC,KLENOW_SPLIT1_Tn5_2HR_OSMOTIC
KLENOW_SPLIT1_Tn5_2HR_HEAT_D5,D5,TCGCACGACGTAC,KLENOW_SPLIT1_Tn5_2HR_HEAT
KLENOW_SPLIT1_Tn5_2HR_HEAT_D6,D6,TGGGACAGAAGGC,KLENOW_SPLIT1_Tn5_2HR_HEAT
KLENOW_SPLIT1_Tn5_2HR_HEAT_D7,D7,TTTAACAAGTATC,KLENOW_SPLIT1_Tn5_2HR_HEAT
KLENOW_SPLIT1_Tn5_2HR_HEAT_D8,D8,TACTCCTGGGTAC,KLENOW_SPLIT1_Tn5_2HR_HEAT
KLENOW_SPLIT1_Tn5_2HR_HEAT_D9,D9,TCAGAAAACCCCC,KLENOW_SPLIT1_Tn5_2HR_HEAT
KLENOW_SPLIT1_Tn5_2HR_HEAT_D10,D10,TGCACGAGCAGTC,KLENOW_SPLIT1_Tn5_2HR_HEAT
KLENOW_SPLIT1_Tn5_2HR_HEAT_D11,D11,TTATTATGCTTCC,KLENOW_SPLIT1_Tn5_2HR_HEAT
KLENOW_SPLIT1_Tn5_2HR_HEAT_D12,D12,TAGCGACTGTATC,KLENOW_SPLIT1_Tn5_2HR_HEAT
KLENOW_SPLIT1_Tn5_STATIONARY_E1,E1,CCCTTGCGACAGC,KLENOW_SPLIT1_Tn5_STATIONARY
KLENOW_SPLIT1_Tn5_STATIONARY_E2,E2,CGTTAGATTGCAC,KLENOW_SPLIT1_Tn5_STATIONARY
KLENOW_SPLIT1_Tn5_STATIONARY_E3,E3,CTAAATACCATCC,KLENOW_SPLIT1_Tn5_STATIONARY
KLENOW_SPLIT1_Tn5_STATIONARY_E4,E4,CATATTTTTTAGC,KLENOW_SPLIT1_Tn5_STATIONARY
KLENOW_SPLIT1_Tn5_STATIONARY_E5,E5,CCCCTAAACGCTC,KLENOW_SPLIT1_Tn5_STATIONARY
KLENOW_SPLIT1_Tn5_STATIONARY_E6,E6,CGATTGTTAGGAC,KLENOW_SPLIT1_Tn5_STATIONARY
KLENOW_SPLIT1_Tn5_STATIONARY_E7,E7,CTACCGAGTCTCC,KLENOW_SPLIT1_Tn5_STATIONARY
KLENOW_SPLIT1_Tn5_STATIONARY_E8,E8,CAGAACAAATTGC,KLENOW_SPLIT1_Tn5_STATIONARY
KLENOW_SPLIT1_Tn5_STATIONARY_E9,E9,CCTTGATCTCATC,KLENOW_SPLIT1_Tn5_STATIONARY
KLENOW_SPLIT1_Tn5_STATIONARY_E10,E10,CGCCACGCGTTAC,KLENOW_SPLIT1_Tn5_STATIONARY
KLENOW_SPLIT1_Tn5_STATIONARY_E11,E11,CTATAGATACGGC,KLENOW_SPLIT1_Tn5_STATIONARY
KLENOW_SPLIT1_Tn5_STATIONARY_E12,E12,CATACCCAGCCAC,KLENOW_SPLIT1_Tn5_STATIONARY
KLENOW_SPLIT1_Tn5_STATIONARY_F1,F1,CCCCGGATGTACC,KLENOW_SPLIT1_Tn5_STATIONARY
KLENOW_SPLIT1_Tn5_STATIONARY_F2,F2,CGATCTCGGCTTC,KLENOW_SPLIT1_Tn5_STATIONARY
KLENOW_SPLIT1_Tn5_STATIONARY_F3,F3,CTAGCCGCTTTGC,KLENOW_SPLIT1_Tn5_STATIONARY
KLENOW_SPLIT1_Tn5_STATIONARY_F4,F4,CCTAAATACAGCC,KLENOW_SPLIT1_Tn5_STATIONARY
KLENOW_SPLIT1_Tn5_STATIONARY_F5,F5,CGGGTTTTACCAG,KLENOW_SPLIT1_Tn5_STATIONARY
KLENOW_SPLIT1_Tn5_STATIONARY_F6,F6,CATATCCATTGCG,KLENOW_SPLIT1_Tn5_STATIONARY
KLENOW_SPLIT1_Tn5_M9_F7,F7,CCTCCCGAGAGTG,KLENOW_SPLIT1_Tn5_M4
KLENOW_SPLIT1_Tn5_M9_F8,F8,CGAATATCTCCGG,KLENOW_SPLIT1_Tn5_M5
KLENOW_SPLIT1_Tn5_M9_F9,F9,CTACTAACCCACG,KLENOW_SPLIT1_Tn5_M6
KLENOW_SPLIT1_Tn5_M9_F10,F10,CAAATGATACAAG,KLENOW_SPLIT1_Tn5_M7
KLENOW_SPLIT1_Tn5_M9_F11,F11,CCCCCATTATTTG,KLENOW_SPLIT1_Tn5_M8
KLENOW_SPLIT1_Tn5_M9_F12,F12,CGAGTCGCGACGG,KLENOW_SPLIT1_Tn5_M9
KLENOW_SPLIT1_Tn5_EXP_G1,G1,GTGGTTGTGGCCG,KLENOW_SPLIT1_Tn5_EXP
KLENOW_SPLIT1_Tn5_EXP_G2,G2,GATTCAAGGAAAG,KLENOW_SPLIT1_Tn5_EXP
KLENOW_SPLIT1_Tn5_EXP_G3,G3,GCCAAGATCTGGG,KLENOW_SPLIT1_Tn5_EXP
KLENOW_SPLIT1_Tn5_EXP_G4,G4,GATACTGTATCAG,KLENOW_SPLIT1_Tn5_EXP
KLENOW_SPLIT1_Tn5_EXP_G5,G5,GCCGATTCGTGCG,KLENOW_SPLIT1_Tn5_EXP
KLENOW_SPLIT1_Tn5_EXP_G6,G6,GTGACAACGCTGG,KLENOW_SPLIT1_Tn5_EXP
KLENOW_SPLIT1_Tn5_EXP_G7,G7,GGGCTGTCTTATG,KLENOW_SPLIT1_Tn5_EXP
KLENOW_SPLIT1_Tn5_EXP_G8,G8,GACCCTGGCCTGG,KLENOW_SPLIT1_Tn5_EXP
KLENOW_SPLIT1_Tn5_EXP_G9,G9,GCGTACGCTTATG,KLENOW_SPLIT1_Tn5_EXP
KLENOW_SPLIT1_Tn5_EXP_G10,G10,GTTGCACTTAATG,KLENOW_SPLIT1_Tn5_EXP
KLENOW_SPLIT1_Tn5_EXP_G11,G11,GGACAAAGAGAAG,KLENOW_SPLIT1_Tn5_EXP
KLENOW_SPLIT1_Tn5_EXP_G12,G12,GAACCACAGCACG,KLENOW_SPLIT1_Tn5_EXP
KLENOW_SPLIT1_Tn5_EXP_H1,H1,GCTTATCTAGAGG,KLENOW_SPLIT1_Tn5_EXP
KLENOW_SPLIT1_Tn5_EXP_H2,H2,GTAATGTGGTCAG,KLENOW_SPLIT1_Tn5_EXP
KLENOW_SPLIT1_Tn5_EXP_H3,H3,GGCGCGCGAGCTG,KLENOW_SPLIT1_Tn5_EXP
KLENOW_SPLIT1_Tn5_EXP_H4,H4,GTCCATGTGTGTG,KLENOW_SPLIT1_Tn5_EXP
KLENOW_SPLIT1_Tn5_EXP_H5,H5,GGGAGGAATCCAG,KLENOW_SPLIT1_Tn5_EXP
KLENOW_SPLIT1_Tn5_EXP_H6,H6,GATCAAAATAGGG,KLENOW_SPLIT1_Tn5_EXP
KLENOW_SPLIT1_Tn5_Coculture_EXP_H7,H7,GCAAGACTGCCAG,KLENOW_SPLIT1_Tn5_Coculture_EXP
KLENOW_SPLIT1_Tn5_Coculture_EXP_H8,H8,GTAGGATGGACCG,KLENOW_SPLIT1_Tn5_Coculture_EXP
KLENOW_SPLIT1_Tn5_Coculture_EXP_H9,H9,GGATCGGACCTAG,KLENOW_SPLIT1_Tn5_Coculture_EXP
KLENOW_SPLIT1_Tn5_Coculture_EXP_H10,H10,GCCCAAAGGAATG,KLENOW_SPLIT1_Tn5_Coculture_EXP
KLENOW_SPLIT1_Tn5_Coculture_EXP_H11,H11,GTACCTAACGCAG,KLENOW_SPLIT1_Tn5_Coculture_EXP
KLENOW_SPLIT1_Tn5_Coculture_EXP_H12,H12,GGTCAGGTTCAGG,KLENOW_SPLIT1_Tn5_Coculture_EXP
